id,first_name,last_name,email,country,ip_address
1,Pamela,Flores,pflores0@skyrock.com,Poland,26.123.168.215
2,Albert,Perkins,aperkins1@prnewswire.com,China,133.12.37.2
3,Julie,Carr,jcarr2@europa.eu,Mexico,45.201.95.197
4,Christina,Ryan,cryan3@shutterfly.com,Croatia,122.237.113.108
5,Gerald,Flores,gflores4@patch.com,Ukraine,14.211.102.241
6,Clarence,Cole,ccole5@upenn.edu,China,215.64.4.128
7,Anne,Peters,apeters6@skyrock.com,Palestinian Territory,65.57.184.232
8,Walter,Mcdonald,wmcdonald7@t-online.de,Portugal,50.22.143.224
9,Alan,Murray,amurray8@elpais.com,France,2.177.7.22
10,Joan,Freeman,jfreeman9@va.gov,Russia,1.73.164.7
11,Phyllis,Dixon,pdixona@nasa.gov,China,218.53.39.206
12,Martha,Foster,mfosterb@flavors.me,France,6.224.129.83
13,Nancy,Wood,nwoodc@phpbb.com,China,21.35.238.47
14,Jennifer,Lopez,jlopezd@ed.gov,Brazil,181.184.119.143
15,Roy,Smith,rsmithe@360.cn,Colombia,193.62.128.146
16,Stephen,Marshall,smarshallf@networksolutions.com,China,14.85.239.216
17,Mark,Greene,mgreeneg@pbs.org,Nepal,145.223.237.171
18,Brian,King,bkingh@elegantthemes.com,Philippines,93.173.53.232
19,Kathleen,Mitchell,kmitchelli@posterous.com,Morocco,193.141.202.249
20,Robin,Coleman,rcolemanj@unesco.org,China,217.247.90.92
21,Carlos,Jones,cjonesk@ca.gov,Peru,241.56.92.49
22,Nicholas,Fox,nfoxl@yellowpages.com,China,39.199.47.247
23,Benjamin,Gibson,bgibsonm@flavors.me,Poland,149.255.139.254
24,Randy,Cox,rcoxn@cloudflare.com,Armenia,45.98.199.79
25,Jose,Lewis,jlewiso@ucsd.edu,Portugal,198.57.147.53
26,Victor,Thompson,vthompsonp@hc360.com,Venezuela,135.78.32.153
27,Fred,Perez,fperezq@g.co,China,164.52.78.72
28,Virginia,Welch,vwelchr@360.cn,Indonesia,45.102.51.17
29,Justin,Wright,jwrights@va.gov,China,166.97.94.249
30,Lillian,Price,lpricet@apache.org,Philippines,17.191.193.156
31,Robert,Perez,rperezu@cnet.com,Tajikistan,213.230.172.78
32,Rose,Reed,rreedv@plala.or.jp,France,69.225.103.32
33,Joan,Matthews,jmatthewsw@devhub.com,Gambia,11.107.218.230
34,Kevin,Boyd,kboydx@ucla.edu,Cape Verde,165.106.46.240
35,Carl,Reid,creidy@mozilla.com,China,129.244.79.127
36,Albert,Gibson,agibsonz@geocities.com,Russia,50.190.103.81
37,Donald,Wood,dwood10@answers.com,Portugal,216.216.34.132
38,Amanda,Knight,aknight11@blog.com,Colombia,243.113.217.130
39,Lori,Smith,lsmith12@usgs.gov,South Korea,136.160.77.37
40,Roger,Fernandez,rfernandez13@umn.edu,Croatia,70.156.151.53
41,Jennifer,Spencer,jspencer14@dedecms.com,Kiribati,181.51.20.236
42,Shawn,Sims,ssims15@imdb.com,Philippines,231.41.206.217
43,Andrea,Patterson,apatterson16@boston.com,Czech Republic,119.43.24.2
44,Diana,Warren,dwarren17@wufoo.com,Canada,114.242.100.173
45,Nicholas,Wells,nwells18@google.com.hk,Indonesia,56.222.67.98
46,Melissa,Howard,mhoward19@spotify.com,Indonesia,155.121.91.114
47,Sandra,Owens,sowens1a@wisc.edu,France,197.25.236.161
48,Anthony,Marshall,amarshall1b@sina.com.cn,China,109.55.227.164
49,Michael,Ford,mford1c@apache.org,Thailand,82.64.132.119
50,Anthony,Mitchell,amitchell1d@goo.ne.jp,Portugal,27.118.90.242
51,Kathy,Allen,kallen1e@about.me,China,93.14.89.250
52,Brandon,Kelley,bkelley1f@ow.ly,China,238.254.233.61
53,Brian,Franklin,bfranklin1g@ning.com,China,141.211.85.32
54,Bobby,Matthews,bmatthews1h@51.la,Ukraine,176.143.139.136
55,Sharon,Bell,sbell1i@cam.ac.uk,Brazil,206.9.29.133
56,Paul,Hicks,phicks1j@usa.gov,Peru,9.143.175.219
57,Susan,Reid,sreid1k@naver.com,China,3.214.69.59
58,Julie,Berry,jberry1l@taobao.com,France,208.113.233.114
59,Harold,Wells,hwells1m@digg.com,China,201.186.226.199
60,Roy,Pierce,rpierce1n@paginegialle.it,Honduras,250.16.113.174
61,Frank,Lawrence,flawrence1o@java.com,Poland,112.120.166.138
62,Christina,Harvey,charvey1p@addthis.com,Mexico,226.191.20.112
63,Kathryn,Hughes,khughes1q@army.mil,Brazil,3.197.185.92
64,Christine,Russell,crussell1r@miibeian.gov.cn,Indonesia,90.107.123.182
65,Phillip,Daniels,pdaniels1s@google.com.br,Panama,233.186.49.221
66,Theresa,Hart,thart1t@youtu.be,France,136.58.8.181
67,Patricia,Sanchez,psanchez1u@homestead.com,Canada,115.252.156.155
68,Charles,Watkins,cwatkins1v@yelp.com,Indonesia,4.132.35.79
69,Ann,Myers,amyers1w@time.com,Poland,57.70.159.47
70,Maria,Wood,mwood1x@xing.com,Portugal,211.134.235.48
71,Marie,Morrison,mmorrison1y@youtu.be,Indonesia,155.71.91.33
72,Harold,Carter,hcarter1z@technorati.com,China,251.190.245.213
73,Wayne,Romero,wromero20@accuweather.com,Russia,13.174.175.168
74,Craig,Armstrong,carmstrong21@howstuffworks.com,Rwanda,87.13.116.182
75,Kelly,Morales,kmorales22@diigo.com,Mexico,43.131.202.152
76,Robin,Hayes,rhayes23@wisc.edu,China,129.178.229.143
77,Jimmy,Simmons,jsimmons24@bbb.org,China,129.132.99.195
78,Evelyn,Fields,efields25@rediff.com,China,244.212.32.223
79,Lori,Ward,lward26@fc2.com,China,27.161.85.247
80,Ralph,Boyd,rboyd27@artisteer.com,Syria,131.171.58.124
81,Roy,Ruiz,rruiz28@creativecommons.org,Indonesia,205.178.174.250
82,Paul,Sanchez,psanchez29@taobao.com,France,199.188.168.40
83,Ruth,Coleman,rcoleman2a@chronoengine.com,China,99.40.215.196
84,Antonio,Oliver,aoliver2b@house.gov,Russia,219.88.38.209
85,Jason,Hunt,jhunt2c@friendfeed.com,Indonesia,71.148.243.250
86,Joan,Lopez,jlopez2d@qq.com,Myanmar,96.100.141.171
87,Jacqueline,Williamson,jwilliamson2e@un.org,Sweden,175.11.185.200
88,Christina,Stevens,cstevens2f@yellowbook.com,Philippines,123.40.3.140
89,Steven,Marshall,smarshall2g@epa.gov,Poland,57.227.9.6
90,Joyce,Carter,jcarter2h@nbcnews.com,Albania,163.53.81.52
91,Kathryn,Mason,kmason2i@themeforest.net,Philippines,119.28.216.158
92,Ruth,Moore,rmoore2j@nature.com,Gabon,60.226.200.119
93,Matthew,Woods,mwoods2k@netlog.com,China,197.95.49.151
94,Helen,Henry,hhenry2l@umn.edu,Iran,165.161.140.238
95,Samuel,Burke,sburke2m@google.com.hk,France,184.247.95.61
96,Joshua,Hawkins,jhawkins2n@fc2.com,Thailand,240.188.219.37
97,Martin,Murphy,mmurphy2o@umich.edu,China,134.16.199.120
98,Shirley,Watkins,swatkins2p@php.net,Afghanistan,151.138.234.241
99,Robin,Gomez,rgomez2q@shop-pro.jp,Syria,14.223.189.119
100,Eugene,Hudson,ehudson2r@godaddy.com,Kazakhstan,77.179.109.239
101,Catherine,Kelley,ckelley2s@discovery.com,China,206.106.232.162
102,Billy,Powell,bpowell2t@dyndns.org,Argentina,14.33.142.126
103,Patrick,Moore,pmoore2u@cocolog-nifty.com,China,163.91.206.245
104,Michael,Cruz,mcruz2v@shop-pro.jp,United States,49.208.104.28
105,Paul,James,pjames2w@uiuc.edu,Brazil,169.85.196.239
106,Christine,Holmes,cholmes2x@guardian.co.uk,Greece,8.198.11.10
107,Antonio,Adams,aadams2y@ed.gov,China,178.47.74.240
108,Howard,Torres,htorres2z@forbes.com,Germany,27.162.93.139
109,Barbara,Gutierrez,bgutierrez30@nih.gov,Turkey,129.202.66.24
110,Victor,Gibson,vgibson31@upenn.edu,Peru,104.235.47.26
111,Kenneth,Garcia,kgarcia32@ed.gov,China,31.142.99.228
112,Christopher,Carr,ccarr33@huffingtonpost.com,Nigeria,216.141.17.180
113,Phillip,Gardner,pgardner34@accuweather.com,China,109.82.198.254
114,Victor,Gordon,vgordon35@g.co,Czech Republic,33.221.239.125
115,Brian,Harper,bharper36@cpanel.net,China,30.249.191.47
116,Mark,Brown,mbrown37@disqus.com,Japan,234.202.215.108
117,Timothy,Washington,twashington38@google.ca,Thailand,73.103.42.154
118,Wayne,Frazier,wfrazier39@t-online.de,Finland,64.69.83.29
119,Bonnie,Rice,brice3a@businessinsider.com,Philippines,100.184.76.203
120,Gary,Russell,grussell3b@sun.com,Philippines,84.215.15.195
121,Carlos,Morgan,cmorgan3c@marketwatch.com,Russia,40.116.145.204
122,Christopher,Simpson,csimpson3d@shutterfly.com,Indonesia,250.102.150.131
123,Ashley,Ford,aford3e@netlog.com,Sweden,96.205.28.246
124,Joan,Hunter,jhunter3f@scientificamerican.com,Poland,23.68.57.27
125,Steve,Wagner,swagner3g@google.com.br,United States,111.74.114.183
126,Brandon,Young,byoung3h@bloglovin.com,Zambia,42.201.191.220
127,Todd,Garrett,tgarrett3i@networksolutions.com,Philippines,107.131.195.44
128,Janice,Gonzales,jgonzales3j@sciencedaily.com,Switzerland,8.161.148.217
129,Anna,Stanley,astanley3k@rediff.com,Russia,48.67.147.10
130,Laura,Sullivan,lsullivan3l@webs.com,Ireland,248.127.247.241
131,Phillip,Gibson,pgibson3m@prnewswire.com,Venezuela,232.3.111.243
132,James,Thomas,jthomas3n@usatoday.com,Afghanistan,131.212.231.77
133,Donald,Cook,dcook3o@bbb.org,Philippines,120.137.74.244
134,Sandra,Greene,sgreene3p@deliciousdays.com,Ukraine,161.27.112.131
135,Kathy,Watson,kwatson3q@archive.org,Ukraine,235.216.107.59
136,Lori,Medina,lmedina3r@squarespace.com,Vietnam,100.41.58.218
137,Fred,Gonzales,fgonzales3s@cisco.com,Indonesia,11.83.35.180
138,James,Long,jlong3t@symantec.com,Philippines,195.114.131.225
139,Earl,Jackson,ejackson3u@weibo.com,Indonesia,36.62.59.154
140,Lisa,Sims,lsims3v@ibm.com,China,49.130.85.143
141,Gerald,Smith,gsmith3w@icio.us,Russia,130.232.74.131
142,Joyce,Stewart,jstewart3x@tuttocitta.it,Indonesia,162.231.211.124
143,Phillip,Willis,pwillis3y@nydailynews.com,China,18.207.37.54
144,Timothy,Robinson,trobinson3z@google.ca,Greece,26.249.90.121
145,David,Peterson,dpeterson40@cnbc.com,Philippines,26.70.2.87
146,Raymond,Willis,rwillis41@wiley.com,Vietnam,55.217.61.133
147,Matthew,Wheeler,mwheeler42@ameblo.jp,Peru,28.235.239.247
148,Ruth,Austin,raustin43@thetimes.co.uk,China,92.56.215.183
149,Steve,Tucker,stucker44@discuz.net,Afghanistan,30.101.38.59
150,Tina,Morris,tmorris45@cloudflare.com,Brazil,63.74.242.107
151,Anne,Myers,amyers46@unblog.fr,China,7.195.84.98
152,Shirley,Phillips,sphillips47@naver.com,Armenia,83.70.180.172
153,Helen,Evans,hevans48@usatoday.com,China,10.51.128.154
154,Heather,Ramirez,hramirez49@google.co.uk,Brazil,14.99.210.62
155,Nicholas,Morgan,nmorgan4a@zdnet.com,Spain,149.162.233.137
156,Johnny,Boyd,jboyd4b@tiny.cc,Belgium,222.216.177.83
157,Dorothy,Griffin,dgriffin4c@multiply.com,Indonesia,198.55.246.209
158,Willie,Gibson,wgibson4d@time.com,Japan,16.85.166.185
159,Martin,Perkins,mperkins4e@icq.com,Argentina,182.119.224.215
160,Dennis,Edwards,dedwards4f@cmu.edu,China,17.70.230.160
161,Theresa,Boyd,tboyd4g@amazon.co.jp,Ukraine,174.255.88.159
162,Dorothy,Myers,dmyers4h@senate.gov,Indonesia,70.8.75.75
163,Paula,Franklin,pfranklin4i@nih.gov,Peru,181.7.8.148
164,Willie,Ryan,wryan4j@pen.io,Norway,129.65.38.242
165,Richard,Mills,rmills4k@geocities.com,Egypt,53.70.54.199
166,Debra,Dixon,ddixon4l@edublogs.org,South Africa,238.137.245.215
167,Henry,Wells,hwells4m@t-online.de,China,145.158.181.37
168,Ryan,Howell,rhowell4n@ezinearticles.com,Finland,171.153.168.171
169,Walter,Dean,wdean4o@rambler.ru,Japan,208.54.26.152
170,Katherine,Schmidt,kschmidt4p@cmu.edu,Uruguay,170.11.106.55
171,Albert,Snyder,asnyder4q@elegantthemes.com,North Korea,20.237.151.255
172,Betty,Hamilton,bhamilton4r@umich.edu,Georgia,231.144.22.232
173,Nicholas,Cole,ncole4s@discovery.com,Sweden,109.132.184.170
174,Arthur,Brown,abrown4t@imgur.com,Portugal,166.94.120.155
175,Karen,Diaz,kdiaz4u@spotify.com,Greece,148.169.58.160
176,Anthony,Adams,aadams4v@indiatimes.com,Greece,146.118.138.54
177,Rachel,Burke,rburke4w@rakuten.co.jp,Brazil,247.98.22.63
178,Joyce,Davis,jdavis4x@mayoclinic.com,China,175.99.130.156
179,Alan,Johnston,ajohnston4y@boston.com,Portugal,200.43.117.111
180,Nicholas,Parker,nparker4z@issuu.com,Venezuela,251.170.231.41
181,Clarence,White,cwhite50@accuweather.com,Indonesia,178.209.69.163
182,Shawn,Torres,storres51@alibaba.com,Mexico,3.138.67.255
183,Paul,Harris,pharris52@drupal.org,China,70.136.171.21
184,Heather,Freeman,hfreeman53@1688.com,Djibouti,141.213.26.86
185,Harold,Rivera,hrivera54@google.ru,China,141.187.248.204
186,Heather,Harper,hharper55@arstechnica.com,Philippines,88.44.205.170
187,Jean,Ross,jross56@ebay.com,Czech Republic,5.160.12.63
188,Shirley,Hunter,shunter57@yelp.com,Philippines,37.125.230.55
189,Kathleen,Meyer,kmeyer58@illinois.edu,Kazakhstan,85.236.71.178
190,Michael,Lewis,mlewis59@usda.gov,Indonesia,91.167.149.56
191,Margaret,Hill,mhill5a@wix.com,Pakistan,134.6.217.166
192,Elizabeth,Washington,ewashington5b@newyorker.com,China,209.70.216.217
193,Rose,Murphy,rmurphy5c@e-recht24.de,Malaysia,112.174.90.202
194,Shirley,West,swest5d@dropbox.com,Ukraine,33.76.213.215
195,Louise,Mills,lmills5e@posterous.com,France,253.182.50.62
196,Carl,Green,cgreen5f@microsoft.com,France,137.50.158.144
197,Ralph,Wagner,rwagner5g@sun.com,Philippines,232.222.110.164
198,Roy,Gardner,rgardner5h@arstechnica.com,China,7.207.90.244
199,Justin,Ellis,jellis5i@rambler.ru,Russia,145.120.229.74
200,Douglas,James,djames5j@accuweather.com,Russia,206.214.173.34
201,Daniel,Reynolds,dreynolds5k@tamu.edu,China,47.63.155.68
202,Martin,Olson,molson5l@ebay.co.uk,Palestinian Territory,172.252.71.182
203,Samuel,Marshall,smarshall5m@dmoz.org,Czech Republic,152.29.200.10
204,Julie,Moreno,jmoreno5n@g.co,France,17.250.10.158
205,Dorothy,Bennett,dbennett5o@sakura.ne.jp,China,230.206.195.5
206,Michael,Jackson,mjackson5p@examiner.com,Myanmar,103.173.229.3
207,Rebecca,Parker,rparker5q@ocn.ne.jp,Russia,202.185.193.50
208,Bruce,Wagner,bwagner5r@blog.com,Vietnam,126.57.83.211
209,Steve,Sullivan,ssullivan5s@ustream.tv,China,75.207.54.99
210,Benjamin,Brown,bbrown5t@sohu.com,Philippines,185.111.195.191
211,Theresa,Ramirez,tramirez5u@about.me,Poland,4.84.74.254
212,William,Thompson,wthompson5v@dell.com,Thailand,105.62.218.35
213,Jimmy,Murphy,jmurphy5w@telegraph.co.uk,United States,208.11.72.127
214,Margaret,Tucker,mtucker5x@slate.com,Philippines,92.220.148.127
215,Ernest,Moreno,emoreno5y@yahoo.com,China,130.163.115.78
216,Patrick,Patterson,ppatterson5z@discuz.net,France,10.37.184.130
217,Judith,Patterson,jpatterson60@princeton.edu,Czech Republic,71.136.11.217
218,Joan,Bradley,jbradley61@163.com,Canada,9.101.166.140
219,Aaron,Cox,acox62@csmonitor.com,Russia,149.14.170.161
220,Deborah,Mcdonald,dmcdonald63@redcross.org,Myanmar,0.188.24.49
221,Frank,Cooper,fcooper64@slashdot.org,Philippines,7.184.181.251
222,Tammy,Burke,tburke65@alibaba.com,Iran,96.128.125.223
223,Andrea,Flores,aflores66@comcast.net,China,169.57.245.33
224,Howard,Henderson,hhenderson67@yahoo.com,Azerbaijan,27.173.113.253
225,Matthew,Mccoy,mmccoy68@cocolog-nifty.com,Cuba,175.35.138.49
226,Brian,Reyes,breyes69@ehow.com,Portugal,77.169.234.150
227,Kathryn,Peterson,kpeterson6a@npr.org,Russia,0.74.190.51
228,Sandra,Fernandez,sfernandez6b@topsy.com,Canada,232.200.180.125
229,Kelly,Romero,kromero6c@vk.com,Japan,91.235.12.87
230,Alice,Butler,abutler6d@usnews.com,Indonesia,168.71.148.228
231,Joseph,Moreno,jmoreno6e@instagram.com,United States,239.227.1.40
232,Deborah,Hicks,dhicks6f@t.co,Russia,245.3.218.83
233,David,Garcia,dgarcia6g@time.com,Macedonia,247.81.22.47
234,Cheryl,Hughes,chughes6h@nasa.gov,Brazil,229.253.14.174
235,Jonathan,Garrett,jgarrett6i@ca.gov,China,49.245.91.180
236,Scott,Gonzalez,sgonzalez6j@delicious.com,Chile,57.179.33.253
237,Christine,Bryant,cbryant6k@washington.edu,Vietnam,249.64.31.121
238,Teresa,Gutierrez,tgutierrez6l@biblegateway.com,China,8.176.173.138
239,Debra,Jones,djones6m@yale.edu,Russia,44.243.125.113
240,Victor,Carpenter,vcarpenter6n@wired.com,Philippines,112.63.250.208
241,Gary,Morales,gmorales6o@360.cn,France,193.24.71.172
242,Norma,Reynolds,nreynolds6p@weebly.com,Indonesia,159.2.35.193
243,Billy,Hughes,bhughes6q@nba.com,Brazil,202.9.89.98
244,James,Bowman,jbowman6r@google.ca,China,240.62.24.80
245,Jennifer,Torres,jtorres6s@privacy.gov.au,Albania,66.134.162.255
246,Carl,Harris,charris6t@last.fm,Indonesia,240.130.78.200
247,Jeffrey,Hunt,jhunt6u@indiatimes.com,Thailand,115.217.167.83
248,Sharon,Austin,saustin6v@geocities.jp,Portugal,192.54.238.89
249,Annie,Peterson,apeterson6w@cpanel.net,Czech Republic,127.172.118.88
250,Christina,Woods,cwoods6x@studiopress.com,Czech Republic,78.120.61.49
251,Rose,Fuller,rfuller6y@godaddy.com,Philippines,109.22.195.114
252,Jimmy,Simmons,jsimmons6z@prlog.org,China,33.144.97.2
253,Lawrence,Rogers,lrogers70@sina.com.cn,Kenya,80.45.100.62
254,Timothy,Williamson,twilliamson71@europa.eu,China,143.102.184.167
255,Dorothy,Ryan,dryan72@jiathis.com,Bosnia and Herzegovina,218.120.185.89
256,Pamela,Hall,phall73@wisc.edu,Peru,119.252.228.180
257,Pamela,Little,plittle74@wordpress.com,Taiwan,250.22.176.186
258,Joan,Olson,jolson75@mayoclinic.com,Canada,224.183.53.193
259,Lisa,Henry,lhenry76@home.pl,China,212.62.201.117
260,Nicole,Morris,nmorris77@biblegateway.com,Indonesia,225.44.125.220
261,Diana,Mcdonald,dmcdonald78@time.com,Canada,173.220.50.177
262,Henry,Hanson,hhanson79@narod.ru,Philippines,255.48.40.141
263,Peter,Brown,pbrown7a@aol.com,Estonia,221.114.92.60
264,Sharon,Ford,sford7b@cdc.gov,Tanzania,6.252.104.3
265,William,Snyder,wsnyder7c@rakuten.co.jp,Poland,196.60.173.211
266,Catherine,Stewart,cstewart7d@bbb.org,Poland,135.112.39.55
267,Norma,Clark,nclark7e@mysql.com,Cameroon,88.218.88.74
268,Sean,Chavez,schavez7f@google.nl,Belarus,39.233.176.116
269,Kimberly,Frazier,kfrazier7g@blinklist.com,China,5.166.115.249
270,Ruth,Hall,rhall7h@dell.com,Ukraine,99.237.64.41
271,Albert,Wells,awells7i@who.int,Philippines,208.80.184.129
272,Ronald,Gibson,rgibson7j@stumbleupon.com,Indonesia,83.31.218.245
273,Robin,Shaw,rshaw7k@nbcnews.com,Guatemala,209.76.242.157
274,Betty,Edwards,bedwards7l@yellowpages.com,Russia,194.189.235.93
275,Rachel,Wood,rwood7m@deliciousdays.com,Indonesia,168.80.191.191
276,Kevin,Willis,kwillis7n@yandex.ru,Bolivia,95.128.35.44
277,Kimberly,Ramirez,kramirez7o@reverbnation.com,Mexico,63.220.80.70
278,George,Cook,gcook7p@craigslist.org,Philippines,146.195.46.237
279,Helen,Diaz,hdiaz7q@hatena.ne.jp,Poland,254.85.34.14
280,Bobby,Bradley,bbradley7r@dropbox.com,Venezuela,64.110.34.103
281,Charles,Daniels,cdaniels7s@nps.gov,China,202.134.92.58
282,Jessica,Mccoy,jmccoy7t@wikispaces.com,Iran,76.197.231.186
283,Maria,Cox,mcox7u@google.fr,China,76.19.101.224
284,Jason,Parker,jparker7v@washington.edu,Russia,188.166.129.41
285,Gerald,Ellis,gellis7w@cloudflare.com,Japan,69.73.23.20
286,Phillip,Cruz,pcruz7x@hexun.com,France,107.221.137.210
287,Annie,Jackson,ajackson7y@google.ca,United States,1.44.209.65
288,Joe,Williams,jwilliams7z@over-blog.com,Paraguay,56.140.191.127
289,Emily,Carr,ecarr80@indiegogo.com,New Zealand,158.149.79.36
290,Tina,Perkins,tperkins81@vinaora.com,Uruguay,183.17.237.171
291,Sarah,Reed,sreed82@washington.edu,China,225.130.119.216
292,Diana,Pierce,dpierce83@usgs.gov,Philippines,54.157.60.114
293,Rachel,Willis,rwillis84@vkontakte.ru,China,132.10.91.27
294,Tammy,Coleman,tcoleman85@engadget.com,Morocco,67.55.103.222
295,Evelyn,Cruz,ecruz86@networkadvertising.org,France,214.198.31.174
296,Kelly,Wallace,kwallace87@newsvine.com,Thailand,120.161.161.145
297,Charles,Stanley,cstanley88@cnet.com,Yemen,235.197.28.151
298,Nicholas,Hart,nhart89@springer.com,Peru,39.129.200.150
299,Stephen,Woods,swoods8a@bloglovin.com,Brazil,6.103.19.253
300,Joshua,Hart,jhart8b@squarespace.com,Brazil,228.7.190.23
301,Roy,Baker,rbaker8c@buzzfeed.com,China,251.227.221.16
302,Eugene,Matthews,ematthews8d@prweb.com,France,102.137.248.203
303,Juan,Miller,jmiller8e@jimdo.com,Macedonia,107.55.159.202
304,Randy,Reyes,rreyes8f@smugmug.com,Philippines,137.68.181.149
305,Willie,Carpenter,wcarpenter8g@chron.com,Brazil,202.142.217.128
306,Bruce,Crawford,bcrawford8h@webmd.com,Philippines,12.180.1.80
307,Sara,Scott,sscott8i@infoseek.co.jp,Portugal,252.173.2.88
308,Willie,Ortiz,wortiz8j@nytimes.com,Poland,173.54.72.191
309,Doris,Scott,dscott8k@bbc.co.uk,Pakistan,155.94.161.192
310,Patrick,Burke,pburke8l@apache.org,Thailand,164.192.167.67
311,Jacqueline,Bryant,jbryant8m@marketwatch.com,Kosovo,231.72.38.243
312,Lillian,Grant,lgrant8n@photobucket.com,Indonesia,158.63.239.132
313,Jeremy,Hamilton,jhamilton8o@china.com.cn,Bangladesh,101.155.231.31
314,Diane,Austin,daustin8p@google.de,Czech Republic,141.106.60.81
315,Matthew,Garrett,mgarrett8q@va.gov,China,205.15.203.131
316,Daniel,Garza,dgarza8r@dailymail.co.uk,China,108.122.126.208
317,Jose,Robinson,jrobinson8s@google.com.au,Honduras,174.82.204.129
318,Ralph,Gonzalez,rgonzalez8t@live.com,Cyprus,8.146.177.41
319,Beverly,Lane,blane8u@berkeley.edu,China,161.197.108.30
320,Harold,Ryan,hryan8v@webnode.com,Luxembourg,62.24.28.70
321,Timothy,Wagner,twagner8w@networksolutions.com,South Korea,130.242.113.240
322,Kathleen,Watkins,kwatkins8x@goo.ne.jp,France,51.202.158.95
323,Mary,Williams,mwilliams8y@webmd.com,China,122.236.31.255
324,Roy,Walker,rwalker8z@stumbleupon.com,Indonesia,71.48.74.68
325,Christine,Perez,cperez90@wordpress.org,Indonesia,58.188.250.242
326,Sharon,James,sjames91@house.gov,Vietnam,34.166.68.43
327,Sharon,Warren,swarren92@dailymail.co.uk,Brazil,252.105.30.144
328,Gloria,Chavez,gchavez93@youku.com,Peru,68.172.232.78
329,Melissa,Hawkins,mhawkins94@booking.com,Japan,47.136.98.75
330,Jose,Medina,jmedina95@tripod.com,Thailand,189.41.171.129
331,Julia,Lawrence,jlawrence96@cnbc.com,Sweden,243.30.46.254
332,Lois,Harris,lharris97@weather.com,China,17.123.211.255
333,Douglas,Coleman,dcoleman98@ftc.gov,Poland,114.143.235.50
334,Sara,Price,sprice99@answers.com,Philippines,210.93.1.44
335,Julia,Dunn,jdunn9a@hubpages.com,Indonesia,72.61.121.219
336,Jessica,Fuller,jfuller9b@lulu.com,San Marino,48.81.85.111
337,Philip,Hanson,phanson9c@mlb.com,Denmark,255.74.97.116
338,Tina,Gutierrez,tgutierrez9d@howstuffworks.com,Czech Republic,96.216.255.73
339,Raymond,Austin,raustin9e@cmu.edu,Indonesia,38.79.223.154
340,Michael,Elliott,melliott9f@clickbank.net,China,215.138.2.167
341,Ashley,Gomez,agomez9g@bbc.co.uk,United States,191.98.81.146
342,Gerald,Thompson,gthompson9h@wunderground.com,Sweden,15.75.195.92
343,Nicole,Chavez,nchavez9i@miibeian.gov.cn,Indonesia,15.12.121.106
344,Evelyn,Duncan,eduncan9j@pen.io,Slovenia,199.174.50.203
345,Joyce,Shaw,jshaw9k@dot.gov,China,60.206.230.167
346,Albert,Henderson,ahenderson9l@nps.gov,Costa Rica,131.137.153.45
347,Angela,Ramirez,aramirez9m@pinterest.com,Russia,103.194.5.55
348,Denise,Day,dday9n@aol.com,Colombia,39.242.36.172
349,Willie,Patterson,wpatterson9o@pinterest.com,Poland,125.177.20.129
350,Kathy,Chavez,kchavez9p@ft.com,Sweden,154.156.84.125
351,Theresa,Butler,tbutler9q@artisteer.com,France,188.149.232.194
352,Harold,Freeman,hfreeman9r@acquirethisname.com,Indonesia,240.232.159.143
353,Janet,Mason,jmason9s@123-reg.co.uk,Indonesia,242.188.176.197
354,Nicholas,West,nwest9t@zdnet.com,Philippines,43.84.34.235
355,Brian,Spencer,bspencer9u@blogtalkradio.com,Pakistan,138.123.36.14
356,Chris,Brooks,cbrooks9v@4shared.com,Ghana,118.67.94.35
357,Louise,Peters,lpeters9w@a8.net,Russia,29.53.103.145
358,Mark,Robertson,mrobertson9x@msn.com,China,165.98.121.117
359,Mary,Foster,mfoster9y@webmd.com,China,2.157.190.164
360,Carolyn,Torres,ctorres9z@hhs.gov,China,198.176.32.215
361,Bobby,Ramirez,bramireza0@addtoany.com,Syria,67.28.154.116
362,Alan,Gordon,agordona1@guardian.co.uk,Australia,126.38.190.125
363,Charles,Castillo,ccastilloa2@abc.net.au,China,89.227.125.164
364,Ashley,Dean,adeana3@naver.com,Poland,143.184.237.41
365,Lori,Cooper,lcoopera4@thetimes.co.uk,Thailand,103.123.130.73
366,Stephanie,Harvey,sharveya5@jigsy.com,Portugal,199.59.186.183
367,Roger,Ramos,rramosa6@edublogs.org,Philippines,170.113.209.131
368,Phyllis,Barnes,pbarnesa7@example.com,Philippines,154.159.64.75
369,Bruce,Ross,brossa8@cisco.com,Thailand,45.109.102.108
370,Doris,Rogers,drogersa9@google.co.jp,Russia,93.202.107.251
371,Jane,Owens,jowensaa@house.gov,Portugal,192.192.9.93
372,Louis,Foster,lfosterab@ca.gov,Canada,230.189.115.171
373,Craig,Jones,cjonesac@ftc.gov,Palestinian Territory,125.79.242.8
374,Annie,Robertson,arobertsonad@theglobeandmail.com,China,183.138.167.56
375,Nicholas,Weaver,nweaverae@boston.com,China,12.89.213.189
376,Kevin,Sanchez,ksanchezaf@seattletimes.com,Mexico,145.56.252.246
377,Anna,Garrett,agarrettag@squidoo.com,Canada,239.75.17.229
378,Jimmy,Hansen,jhansenah@state.tx.us,Argentina,56.25.137.182
379,Chris,Jones,cjonesai@miitbeian.gov.cn,Brazil,179.38.176.53
380,Brenda,Ramirez,bramirezaj@purevolume.com,Sweden,224.103.79.132
381,Sean,Walker,swalkerak@google.fr,Russia,171.186.171.208
382,Sean,Campbell,scampbellal@google.cn,Brazil,141.196.72.206
383,Raymond,Berry,rberryam@army.mil,Portugal,39.86.99.125
384,Jeffrey,Williamson,jwilliamsonan@a8.net,Yemen,32.180.250.244
385,Gregory,Scott,gscottao@opensource.org,Poland,195.135.61.191
386,Kenneth,Harris,kharrisap@github.io,China,33.141.69.132
387,Jimmy,Lee,jleeaq@eventbrite.com,Brazil,164.44.193.106
388,Ralph,Freeman,rfreemanar@techcrunch.com,China,66.48.68.11
389,Cheryl,Peters,cpetersas@yale.edu,Brazil,8.109.105.5
390,Marilyn,Porter,mporterat@telegraph.co.uk,Slovenia,228.188.41.180
391,Donald,Sullivan,dsullivanau@bbc.co.uk,Czech Republic,145.115.129.112
392,Phillip,Willis,pwillisav@soundcloud.com,Costa Rica,25.101.38.126
393,Joe,Reid,jreidaw@hp.com,Thailand,54.246.146.148
394,Julie,Burns,jburnsax@free.fr,China,16.89.113.191
395,Margaret,Wells,mwellsay@ycombinator.com,Croatia,21.104.115.202
396,Louise,Wells,lwellsaz@prlog.org,Honduras,196.148.198.44
397,Nancy,Lane,nlaneb0@apple.com,France,157.171.135.179
398,Bobby,Ryan,bryanb1@icio.us,Philippines,224.112.35.103
399,Julie,Young,jyoungb2@networksolutions.com,Philippines,84.108.168.219
400,Steven,Webb,swebbb3@google.co.uk,Thailand,232.118.213.224
401,Kathy,Patterson,kpattersonb4@biglobe.ne.jp,Sweden,218.151.241.85
402,Virginia,Carpenter,vcarpenterb5@angelfire.com,China,203.137.210.153
403,James,Carpenter,jcarpenterb6@gov.uk,Russia,160.209.0.201
404,Arthur,Hudson,ahudsonb7@studiopress.com,Indonesia,188.212.254.80
405,Michael,Bennett,mbennettb8@comsenz.com,Dominican Republic,209.20.209.145
406,Jose,Lopez,jlopezb9@imgur.com,Croatia,89.138.66.197
407,Robin,Kelley,rkelleyba@trellian.com,Slovenia,249.252.255.125
408,Walter,Morgan,wmorganbb@mit.edu,Indonesia,85.88.179.50
409,Martin,Hicks,mhicksbc@hhs.gov,Zimbabwe,138.93.33.221
410,Chris,Ellis,cellisbd@scientificamerican.com,Tajikistan,56.100.72.169
411,Ryan,Long,rlongbe@bing.com,Ukraine,60.193.23.53
412,Stephanie,Fisher,sfisherbf@people.com.cn,Russia,198.4.178.243
413,Joyce,Turner,jturnerbg@smh.com.au,China,154.22.103.227
414,Tammy,Cruz,tcruzbh@histats.com,Argentina,85.9.147.137
415,Willie,Marshall,wmarshallbi@cnet.com,France,11.67.211.170
416,Aaron,Smith,asmithbj@tuttocitta.it,Portugal,4.77.110.197
417,Raymond,Richards,rrichardsbk@ft.com,China,246.186.103.58
418,Betty,Long,blongbl@cnn.com,Brazil,230.90.161.55
419,Samuel,Wells,swellsbm@com.com,Philippines,28.247.208.74
420,Bobby,Marshall,bmarshallbn@dot.gov,Afghanistan,21.165.207.151
421,Brian,Nguyen,bnguyenbo@huffingtonpost.com,Philippines,72.218.165.231
422,Phyllis,Lee,pleebp@360.cn,Russia,219.77.186.184
423,Deborah,Montgomery,dmontgomerybq@gov.uk,Indonesia,94.102.110.247
424,Daniel,Mccoy,dmccoybr@meetup.com,China,146.196.251.26
425,Clarence,Fuller,cfullerbs@bloglines.com,France,226.41.226.153
426,Jason,Watson,jwatsonbt@behance.net,China,163.59.55.148
427,Alan,Hughes,ahughesbu@cisco.com,Venezuela,228.58.224.238
428,Shirley,Phillips,sphillipsbv@bigcartel.com,Sierra Leone,123.166.29.62
429,Frances,West,fwestbw@microsoft.com,Venezuela,101.251.197.12
430,Rachel,Campbell,rcampbellbx@twitter.com,Ukraine,123.104.136.174
431,Christine,Campbell,ccampbellby@bandcamp.com,Poland,36.221.123.79
432,Roy,Bradley,rbradleybz@apache.org,France,144.132.123.176
433,Justin,Taylor,jtaylorc0@cdbaby.com,Colombia,146.172.189.66
434,Julie,Hughes,jhughesc1@studiopress.com,Australia,197.213.202.122
435,Virginia,Mason,vmasonc2@goo.gl,Colombia,110.207.224.218
436,Ann,Vasquez,avasquezc3@livejournal.com,Indonesia,145.152.50.161
437,Patrick,Sullivan,psullivanc4@dyndns.org,Georgia,232.25.5.114
438,Norma,Johnston,njohnstonc5@hostgator.com,China,106.156.227.165
439,Helen,Burke,hburkec6@prnewswire.com,Indonesia,54.235.134.144
440,Karen,Grant,kgrantc7@wikimedia.org,Argentina,37.241.239.27
441,James,Stanley,jstanleyc8@stumbleupon.com,South Korea,35.57.61.94
442,Jonathan,Mason,jmasonc9@sciencedirect.com,Poland,249.13.60.119
443,Ashley,Barnes,abarnesca@purevolume.com,China,58.196.28.192
444,Julia,Grant,jgrantcb@barnesandnoble.com,China,109.3.35.143
445,Rebecca,Butler,rbutlercc@smugmug.com,China,28.179.201.111
446,Lisa,Chapman,lchapmancd@exblog.jp,Indonesia,42.14.48.206
447,Clarence,Griffin,cgriffince@fc2.com,Portugal,143.251.246.175
448,Wayne,Williamson,wwilliamsoncf@bloglines.com,Portugal,77.46.95.169
449,Kathryn,Nguyen,knguyencg@auda.org.au,China,218.216.243.126
450,Benjamin,Rice,bricech@mayoclinic.com,Mexico,13.20.216.89
451,Christine,Bailey,cbaileyci@shinystat.com,Russia,3.15.245.208
452,Mark,Chavez,mchavezcj@soundcloud.com,Indonesia,56.254.227.56
453,Andrew,Griffin,agriffinck@naver.com,China,39.77.189.136
454,Aaron,Rose,arosecl@ucoz.com,Indonesia,202.88.250.20
455,Rachel,Austin,raustincm@i2i.jp,Indonesia,255.195.37.196
456,Katherine,Rodriguez,krodriguezcn@51.la,Chile,63.3.149.32
457,Brenda,Nichols,bnicholsco@hc360.com,Indonesia,69.20.84.37
458,Kimberly,Patterson,kpattersoncp@google.co.uk,Philippines,104.210.97.72
459,Joseph,Bennett,jbennettcq@fotki.com,Jamaica,205.23.53.182
460,Pamela,Nichols,pnicholscr@sciencedaily.com,China,116.229.95.49
461,Maria,Sanders,msanderscs@microsoft.com,Russia,207.142.94.86
462,Deborah,Adams,dadamsct@eventbrite.com,Russia,243.152.142.162
463,Kelly,Miller,kmillercu@facebook.com,Russia,157.48.166.241
464,Johnny,Tucker,jtuckercv@ehow.com,China,139.9.93.103
465,Benjamin,Gutierrez,bgutierrezcw@tiny.cc,Indonesia,100.56.232.31
466,Ruth,Fisher,rfishercx@domainmarket.com,Germany,34.163.191.106
467,Raymond,West,rwestcy@fastcompany.com,Nigeria,28.237.45.155
468,Julia,Chapman,jchapmancz@tiny.cc,China,72.105.177.184
469,Bonnie,Dean,bdeand0@icq.com,China,218.157.130.36
470,John,Fernandez,jfernandezd1@123-reg.co.uk,Peru,217.30.254.29
471,Thomas,Collins,tcollinsd2@abc.net.au,Philippines,92.252.151.113
472,Martha,Long,mlongd3@auda.org.au,France,168.236.27.58
473,Tina,Clark,tclarkd4@macromedia.com,France,197.58.106.33
474,Shawn,Garrett,sgarrettd5@example.com,Croatia,156.198.118.45
475,Gregory,Stone,gstoned6@umn.edu,Brazil,81.152.7.125
476,Carolyn,Howell,chowelld7@theguardian.com,France,51.101.234.44
477,Janet,Gomez,jgomezd8@chicagotribune.com,Serbia,22.6.110.91
478,Christine,James,cjamesd9@addtoany.com,South Africa,127.117.242.20
479,Dorothy,Berry,dberryda@icq.com,Philippines,13.37.133.203
480,Michael,Griffin,mgriffindb@aboutads.info,Philippines,48.138.171.172
481,Betty,Edwards,bedwardsdc@parallels.com,Tanzania,0.30.91.250
482,Jerry,Ramirez,jramirezdd@apache.org,Canada,39.121.199.10
483,Frank,Mitchell,fmitchellde@histats.com,United States,174.134.54.44
484,Joseph,Nelson,jnelsondf@arizona.edu,United States,84.76.235.161
485,Bonnie,Bell,bbelldg@nationalgeographic.com,China,160.32.66.125
486,Charles,Hunter,chunterdh@craigslist.org,Portugal,168.211.192.47
487,Katherine,Wood,kwooddi@blogger.com,Brazil,211.47.250.242
488,Louis,Freeman,lfreemandj@home.pl,China,122.121.21.42
489,Julia,Fields,jfieldsdk@bandcamp.com,China,63.72.18.28
490,Donald,Rose,drosedl@printfriendly.com,Malaysia,137.176.34.73
491,Lawrence,Bradley,lbradleydm@miibeian.gov.cn,Brazil,209.37.252.33
492,Frances,Nelson,fnelsondn@buzzfeed.com,France,158.234.147.210
493,Jacqueline,Hamilton,jhamiltondo@msn.com,Indonesia,167.119.11.179
494,Rose,Mitchell,rmitchelldp@comcast.net,Belarus,57.223.113.235
495,Ann,Morales,amoralesdq@vimeo.com,Azerbaijan,82.170.254.145
496,Judy,Diaz,jdiazdr@nbcnews.com,Russia,157.154.205.212
497,Ryan,Gordon,rgordonds@google.ca,China,212.73.11.160
498,Nicholas,Sanchez,nsanchezdt@flickr.com,Russia,83.82.144.49
499,Tina,Burton,tburtondu@mit.edu,Portugal,37.171.181.42
500,Steven,King,skingdv@nasa.gov,China,193.20.33.101
501,Rebecca,Duncan,rduncandw@creativecommons.org,China,237.5.6.177
502,Philip,Mills,pmillsdx@dmoz.org,China,181.194.116.62
503,Martha,Warren,mwarrendy@fda.gov,Nigeria,229.17.226.147
504,Martha,Perkins,mperkinsdz@dmoz.org,Greece,26.14.174.205
505,Lois,Campbell,lcampbelle0@eventbrite.com,Georgia,238.212.122.204
506,Doris,Riley,drileye1@nasa.gov,Kazakhstan,76.237.25.147
507,Richard,Kim,rkime2@sogou.com,Palestinian Territory,201.75.192.64
508,Willie,Rivera,wriverae3@angelfire.com,Colombia,227.211.145.167
509,Kevin,Harper,kharpere4@yahoo.com,Portugal,189.236.226.51
510,Rebecca,Morris,rmorrise5@zdnet.com,Philippines,35.244.158.229
511,David,Simpson,dsimpsone6@noaa.gov,China,112.83.187.185
512,Edward,Reed,ereede7@sciencedaily.com,Chile,27.78.0.170
513,Bobby,Lee,bleee8@hp.com,Bulgaria,11.197.129.57
514,Judy,Williamson,jwilliamsone9@ezinearticles.com,Indonesia,222.192.137.166
515,Michael,Adams,madamsea@china.com.cn,Czech Republic,5.75.141.169
516,Terry,Stevens,tstevenseb@g.co,Mauritius,224.7.83.141
517,Julie,West,jwestec@dmoz.org,China,208.128.42.127
518,Julie,Bishop,jbishoped@uol.com.br,Mexico,68.15.151.163
519,Kathleen,Jacobs,kjacobsee@com.com,Bulgaria,197.40.24.124
520,Mark,Ruiz,mruizef@parallels.com,Macedonia,8.223.64.196
521,Diana,King,dkingeg@va.gov,Peru,11.12.45.180
522,Todd,Torres,ttorreseh@phpbb.com,China,91.3.119.252
523,Rachel,Williamson,rwilliamsonei@ihg.com,China,104.115.142.215
524,Katherine,Harris,kharrisej@clickbank.net,China,85.211.183.4
525,Judy,Austin,jaustinek@answers.com,China,61.254.117.84
526,Gloria,Wood,gwoodel@nifty.com,Indonesia,208.176.220.115
527,Aaron,Hamilton,ahamiltonem@usda.gov,Pakistan,147.183.80.210
528,Patrick,Chapman,pchapmanen@alexa.com,Russia,24.240.228.214
529,Linda,Fernandez,lfernandezeo@sciencedaily.com,Japan,15.188.113.32
530,Johnny,Sanchez,jsanchezep@mail.ru,Georgia,117.179.7.0
531,Jessica,Edwards,jedwardseq@slate.com,China,157.220.12.224
532,Roger,Tucker,rtuckerer@ft.com,France,183.48.124.105
533,Rachel,Romero,rromeroes@creativecommons.org,Mongolia,150.243.204.145
534,Kevin,Arnold,karnoldet@statcounter.com,Sweden,89.216.74.194
535,Anna,Brown,abrowneu@technorati.com,Indonesia,70.83.116.149
536,Gregory,Howard,ghowardev@buzzfeed.com,Japan,10.144.234.148
537,Earl,Ford,efordew@mlb.com,Tanzania,8.37.104.155
538,Jeffrey,Vasquez,jvasquezex@slate.com,Portugal,128.128.154.47
539,Emily,Cook,ecookey@cdc.gov,Netherlands,173.29.120.37
540,Joan,Richards,jrichardsez@timesonline.co.uk,Brazil,49.113.207.18
541,Ernest,Moreno,emorenof0@google.es,Poland,239.251.79.7
542,Daniel,Wilson,dwilsonf1@blinklist.com,Namibia,229.248.6.70
543,Adam,Gardner,agardnerf2@list-manage.com,Japan,63.206.34.139
544,Mary,Meyer,mmeyerf3@blogspot.com,Peru,159.39.100.154
545,Kelly,Webb,kwebbf4@diigo.com,Croatia,128.229.80.188
546,Irene,Bradley,ibradleyf5@businessweek.com,China,186.232.53.224
547,Louis,Ramirez,lramirezf6@bluehost.com,Thailand,148.27.182.228
548,Susan,Wood,swoodf7@hhs.gov,Macedonia,248.94.30.173
549,Jane,Kelly,jkellyf8@oaic.gov.au,Portugal,95.151.247.192
550,Amy,Diaz,adiazf9@blog.com,China,140.148.190.151
551,Gerald,Hernandez,ghernandezfa@jugem.jp,Thailand,130.127.156.28
552,Larry,Ray,lrayfb@ibm.com,Indonesia,139.183.103.57
553,Wanda,Stanley,wstanleyfc@forbes.com,Indonesia,182.73.1.85
554,Pamela,Alvarez,palvarezfd@sitemeter.com,Thailand,151.163.188.253
555,Christine,Grant,cgrantfe@tinyurl.com,Poland,215.121.174.122
556,William,Spencer,wspencerff@hugedomains.com,Sweden,240.237.110.36
557,Patrick,Reid,preidfg@imdb.com,Ukraine,137.20.74.217
558,Emily,Fuller,efullerfh@rambler.ru,China,236.89.138.92
559,Chris,Duncan,cduncanfi@businesswire.com,Poland,40.104.3.165
560,Sandra,Oliver,soliverfj@wikia.com,Greece,58.201.159.208
561,Anne,Hawkins,ahawkinsfk@ox.ac.uk,Peru,144.217.48.65
562,Linda,Lawrence,llawrencefl@behance.net,China,242.34.168.115
563,Benjamin,Cunningham,bcunninghamfm@facebook.com,China,55.241.82.122
564,Lawrence,Baker,lbakerfn@dailymotion.com,Argentina,235.36.172.253
565,Debra,Martin,dmartinfo@google.com.au,Costa Rica,58.55.198.221
566,Bonnie,Wood,bwoodfp@rakuten.co.jp,Sweden,173.231.163.241
567,Nicholas,Cox,ncoxfq@archive.org,Canada,14.97.149.16
568,Paula,Hunter,phunterfr@xrea.com,Philippines,90.94.219.52
569,Amanda,Spencer,aspencerfs@artisteer.com,Guinea-Bissau,193.156.208.2
570,Benjamin,Hunter,bhunterft@webnode.com,China,82.213.75.244
571,Matthew,Willis,mwillisfu@nytimes.com,Japan,124.237.236.104
572,Eugene,Ruiz,eruizfv@uol.com.br,Croatia,92.214.76.201
573,Samuel,Alexander,salexanderfw@redcross.org,Norway,249.15.23.5
574,Maria,Snyder,msnyderfx@senate.gov,Serbia,46.246.55.47
575,Diane,Cole,dcolefy@auda.org.au,Indonesia,77.114.188.150
576,Sarah,Robertson,srobertsonfz@hostgator.com,China,209.59.28.17
577,Lori,Gardner,lgardnerg0@eepurl.com,China,230.64.118.62
578,Denise,Hudson,dhudsong1@devhub.com,Sweden,19.55.237.233
579,Craig,Peterson,cpetersong2@cdc.gov,China,121.58.202.23
580,Stephanie,Holmes,sholmesg3@npr.org,Ukraine,215.64.30.4
581,Jimmy,George,jgeorgeg4@webs.com,Pakistan,60.114.211.103
582,Stephanie,Lynch,slynchg5@reddit.com,China,97.181.113.183
583,Joshua,Carter,jcarterg6@ovh.net,Slovenia,166.19.63.33
584,Heather,White,hwhiteg7@pcworld.com,Greece,114.181.60.14
585,Harold,Wagner,hwagnerg8@sina.com.cn,Poland,193.17.207.109
586,Keith,Bradley,kbradleyg9@redcross.org,Ukraine,37.247.143.178
587,Howard,Perez,hperezga@plala.or.jp,France,18.240.171.195
588,Brenda,Ward,bwardgb@chicagotribune.com,China,138.241.72.33
589,Diana,Arnold,darnoldgc@squidoo.com,Portugal,31.10.187.156
590,Andrew,Flores,afloresgd@chronoengine.com,Indonesia,94.15.67.191
591,Benjamin,Jordan,bjordange@nps.gov,Nigeria,102.103.121.17
592,Irene,Myers,imyersgf@netlog.com,Philippines,14.115.111.128
593,Helen,Black,hblackgg@biglobe.ne.jp,Brazil,7.147.72.19
594,Todd,Sullivan,tsullivangh@shop-pro.jp,Ivory Coast,190.15.16.249
595,Jimmy,Simpson,jsimpsongi@va.gov,Ukraine,21.38.11.31
596,William,Wood,wwoodgj@pbs.org,Portugal,141.14.210.103
597,Donald,Welch,dwelchgk@msn.com,Angola,208.121.251.166
598,Arthur,Foster,afostergl@google.nl,Philippines,106.53.255.198
599,Maria,Richards,mrichardsgm@msn.com,United States,155.195.111.6
600,Jessica,Cooper,jcoopergn@wiley.com,Ukraine,171.24.150.55
601,Debra,Stewart,dstewartgo@newyorker.com,Indonesia,114.196.141.221
602,Carlos,Graham,cgrahamgp@yahoo.co.jp,Czech Republic,105.5.18.158
603,Ruth,Flores,rfloresgq@earthlink.net,China,239.79.45.213
604,Ruby,Harris,rharrisgr@telegraph.co.uk,Russia,29.159.227.12
605,Joseph,Stone,jstonegs@cbc.ca,Peru,134.150.240.203
606,Patricia,Hart,phartgt@com.com,Canada,95.146.204.158
607,Shawn,Reyes,sreyesgu@hud.gov,Slovenia,150.195.18.220
608,Adam,Mitchell,amitchellgv@sfgate.com,Canada,63.94.236.33
609,Fred,Fields,ffieldsgw@patch.com,Portugal,79.199.86.100
610,Elizabeth,Griffin,egriffingx@netlog.com,Indonesia,155.93.69.170
611,Irene,Moreno,imorenogy@ocn.ne.jp,Ethiopia,49.75.108.197
612,Roger,Morales,rmoralesgz@hp.com,Indonesia,244.45.57.165
613,Cheryl,Coleman,ccolemanh0@wikimedia.org,Indonesia,8.123.10.251
614,Doris,Young,dyoungh1@google.fr,Ireland,1.14.134.72
615,Lisa,Wells,lwellsh2@seattletimes.com,Indonesia,133.43.172.145
616,Andrew,Robertson,arobertsonh3@privacy.gov.au,Russia,11.248.163.72
617,Rebecca,Hunt,rhunth4@dell.com,China,206.255.22.117
618,Walter,Lane,wlaneh5@npr.org,Poland,226.251.231.62
619,Andrea,Jordan,ajordanh6@taobao.com,Portugal,248.195.179.6
620,Patrick,Richardson,prichardsonh7@xing.com,Greece,159.148.130.244
621,Matthew,Carr,mcarrh8@statcounter.com,Greece,96.21.125.218
622,Harold,Cook,hcookh9@loc.gov,Philippines,61.105.206.18
623,Mary,Smith,msmithha@ox.ac.uk,Poland,195.57.230.241
624,Gregory,Hayes,ghayeshb@fotki.com,Cyprus,28.87.189.89
625,Jose,Garcia,jgarciahc@businesswire.com,Serbia,16.22.241.207
626,Joyce,Carpenter,jcarpenterhd@cloudflare.com,Indonesia,5.239.28.210
627,Sara,Perkins,sperkinshe@alexa.com,Brazil,22.47.24.233
628,George,Dixon,gdixonhf@webmd.com,Iran,212.127.63.238
629,Robin,Gonzalez,rgonzalezhg@elpais.com,Indonesia,230.226.105.126
630,Irene,Shaw,ishawhh@yellowpages.com,China,126.222.142.233
631,Linda,Ross,lrosshi@upenn.edu,China,8.175.3.201
632,Larry,Gomez,lgomezhj@miibeian.gov.cn,Estonia,218.86.149.155
633,Victor,Franklin,vfranklinhk@wikipedia.org,Indonesia,54.177.31.132
634,Edward,Campbell,ecampbellhl@kickstarter.com,Poland,176.40.214.10
635,Beverly,Greene,bgreenehm@technorati.com,China,199.53.110.1
636,Jason,Nguyen,jnguyenhn@youku.com,China,131.10.127.194
637,Ann,Edwards,aedwardsho@rakuten.co.jp,Philippines,125.192.239.137
638,Dennis,Kim,dkimhp@soundcloud.com,China,41.197.125.108
639,Peter,Hamilton,phamiltonhq@sciencedirect.com,Poland,211.178.67.252
640,Steve,Clark,sclarkhr@indiegogo.com,China,72.117.26.168
641,Amy,Fields,afieldshs@craigslist.org,Colombia,202.18.1.251
642,Gregory,Black,gblackht@nytimes.com,Spain,208.12.208.100
643,Julie,Chapman,jchapmanhu@wordpress.com,Colombia,127.199.191.62
644,Matthew,Banks,mbankshv@columbia.edu,Sweden,42.80.3.26
645,Joe,Larson,jlarsonhw@networkadvertising.org,Italy,174.159.141.9
646,Stephanie,Montgomery,smontgomeryhx@wunderground.com,Russia,23.230.188.90
647,Jeremy,Weaver,jweaverhy@army.mil,Brazil,133.162.251.83
648,Samuel,Harvey,sharveyhz@uiuc.edu,Colombia,244.18.1.119
649,Lillian,Armstrong,larmstrongi0@spiegel.de,Philippines,255.185.12.229
650,Sara,Gutierrez,sgutierrezi1@jugem.jp,Indonesia,223.219.140.203
651,Jennifer,Meyer,jmeyeri2@people.com.cn,Philippines,39.53.132.10
652,Debra,Woods,dwoodsi3@discovery.com,Peru,247.123.218.120
653,Wayne,Peterson,wpetersoni4@live.com,Indonesia,1.90.166.122
654,Ernest,Martinez,emartinezi5@biglobe.ne.jp,Sweden,88.109.241.36
655,Jennifer,Willis,jwillisi6@photobucket.com,Philippines,85.242.240.134
656,Justin,Brown,jbrowni7@ustream.tv,Israel,91.192.223.69
657,Wayne,Day,wdayi8@webeden.co.uk,China,156.121.147.180
658,Russell,Gutierrez,rgutierrezi9@nature.com,Kazakhstan,245.222.182.58
659,Eugene,Tucker,etuckeria@smh.com.au,China,158.126.206.215
660,Katherine,Gray,kgrayib@live.com,Poland,92.84.156.185
661,Rebecca,Fisher,rfisheric@pbs.org,United States,85.88.2.121
662,Kathryn,Watkins,kwatkinsid@hhs.gov,China,29.52.212.204
663,Matthew,Hall,mhallie@homestead.com,Brazil,80.231.140.91
664,Maria,Cruz,mcruzif@hexun.com,Indonesia,20.16.186.173
665,Lori,Garcia,lgarciaig@domainmarket.com,Russia,138.30.86.191
666,Kenneth,Turner,kturnerih@msu.edu,Saudi Arabia,142.224.100.86
667,Gerald,Robertson,grobertsonii@google.com.br,Indonesia,115.75.108.5
668,Wayne,Wagner,wwagnerij@tinypic.com,Indonesia,67.237.20.95
669,Thomas,Edwards,tedwardsik@addthis.com,Indonesia,240.204.212.79
670,Nancy,Gordon,ngordonil@noaa.gov,United States,14.61.169.159
671,Donald,Mitchell,dmitchellim@ox.ac.uk,China,181.43.184.242
672,Sean,Oliver,soliverin@alibaba.com,Sweden,32.144.153.215
673,Helen,Hart,hhartio@linkedin.com,Philippines,201.250.10.62
674,Todd,Spencer,tspencerip@prnewswire.com,Nigeria,227.147.188.211
675,Jennifer,Stevens,jstevensiq@a8.net,China,249.204.183.21
676,David,Thomas,dthomasir@bing.com,Russia,20.249.48.182
677,Joshua,Knight,jknightis@usgs.gov,El Salvador,65.8.229.205
678,Joan,Gibson,jgibsonit@apple.com,Mayotte,238.225.249.109
679,Gerald,Austin,gaustiniu@live.com,France,170.234.190.209
680,Teresa,Henderson,thendersoniv@rakuten.co.jp,Canada,166.115.1.163
681,Judy,Richardson,jrichardsoniw@cargocollective.com,China,131.207.39.144
682,Kelly,Tucker,ktuckerix@free.fr,Russia,224.123.170.147
683,David,Green,dgreeniy@com.com,China,147.119.209.148
684,Norma,Wood,nwoodiz@mayoclinic.com,Vietnam,200.5.227.180
685,Jean,Vasquez,jvasquezj0@cisco.com,China,223.75.86.250
686,Andrea,Webb,awebbj1@dot.gov,Cameroon,83.30.204.248
687,Billy,Carr,bcarrj2@bloglovin.com,Germany,113.145.206.174
688,Nicholas,Stewart,nstewartj3@stanford.edu,Japan,199.97.221.48
689,Cynthia,Holmes,cholmesj4@a8.net,Philippines,139.215.105.48
690,Jacqueline,Hunter,jhunterj5@cdbaby.com,Guatemala,251.58.98.201
691,Terry,Martin,tmartinj6@acquirethisname.com,Indonesia,172.53.124.94
692,Julie,Grant,jgrantj7@51.la,China,93.122.146.134
693,Norma,Gilbert,ngilbertj8@wikimedia.org,China,194.196.208.96
694,Doris,Weaver,dweaverj9@opensource.org,Brazil,148.34.37.173
695,Norma,Smith,nsmithja@g.co,Poland,228.197.109.137
696,Dennis,Garza,dgarzajb@disqus.com,China,100.37.23.191
697,Frank,Banks,fbanksjc@webmd.com,Indonesia,177.91.254.82
698,Christopher,Howard,chowardjd@buzzfeed.com,Malaysia,177.56.136.6
699,Betty,Kelley,bkelleyje@google.es,Russia,250.229.217.119
700,Teresa,Cunningham,tcunninghamjf@people.com.cn,France,195.171.42.40
701,Kenneth,Powell,kpowelljg@vkontakte.ru,Poland,99.114.162.132
702,Joyce,Bell,jbelljh@last.fm,China,234.219.30.216
703,Anne,Murray,amurrayji@technorati.com,Dominican Republic,168.50.242.155
704,Lisa,Lopez,llopezjj@posterous.com,China,118.169.138.247
705,Bonnie,Gonzalez,bgonzalezjk@livejournal.com,Philippines,2.216.151.222
706,Clarence,Black,cblackjl@qq.com,China,9.244.228.74
707,Douglas,Garza,dgarzajm@angelfire.com,China,26.226.199.57
708,Linda,Reyes,lreyesjn@wsj.com,Indonesia,61.127.19.217
709,Anne,Mccoy,amccoyjo@vk.com,China,245.161.58.62
710,Lori,Schmidt,lschmidtjp@ftc.gov,Brazil,85.98.93.71
711,Barbara,Warren,bwarrenjq@hc360.com,United States,21.161.107.81
712,Ashley,Kelley,akelleyjr@oakley.com,China,44.99.134.195
713,Ann,Hernandez,ahernandezjs@uol.com.br,Indonesia,178.218.239.62
714,Donald,Payne,dpaynejt@google.com.br,Japan,211.162.89.182
715,Dorothy,Day,ddayju@wufoo.com,Malaysia,220.236.234.146
716,Nancy,Stewart,nstewartjv@unc.edu,Palestinian Territory,240.212.229.176
717,Lori,Pierce,lpiercejw@ovh.net,Philippines,190.234.107.152
718,Margaret,Arnold,marnoldjx@geocities.com,Poland,22.9.113.219
719,Fred,Harrison,fharrisonjy@marketwatch.com,Greece,46.46.216.132
720,Clarence,Gutierrez,cgutierrezjz@weebly.com,Pakistan,74.60.39.233
721,Kathryn,Turner,kturnerk0@nhs.uk,Azerbaijan,52.24.244.188
722,Ruby,Schmidt,rschmidtk1@godaddy.com,Brazil,206.248.244.254
723,Brenda,Simpson,bsimpsonk2@mlb.com,China,235.35.93.90
724,Keith,Barnes,kbarnesk3@illinois.edu,Philippines,164.176.80.84
725,Kenneth,Burke,kburkek4@hc360.com,Indonesia,132.217.128.78
726,Donna,Martinez,dmartinezk5@hud.gov,Canada,92.156.184.22
727,Brandon,Lopez,blopezk6@ca.gov,Indonesia,189.102.70.36
728,Emily,Cox,ecoxk7@hhs.gov,China,149.63.15.48
729,Carlos,Riley,crileyk8@ihg.com,Thailand,222.233.23.116
730,Alan,Ray,arayk9@reddit.com,Poland,199.22.121.131
731,Daniel,Larson,dlarsonka@hhs.gov,Indonesia,251.122.249.70
732,Dorothy,Knight,dknightkb@businessinsider.com,China,247.6.90.130
733,Louis,Ford,lfordkc@behance.net,Philippines,86.135.234.21
734,Shawn,Nguyen,snguyenkd@irs.gov,China,61.204.97.170
735,Karen,Myers,kmyerske@ycombinator.com,Bulgaria,81.227.21.184
736,Sarah,Gardner,sgardnerkf@netlog.com,Russia,5.253.129.26
737,Jacqueline,Ford,jfordkg@devhub.com,Portugal,244.159.199.106
738,Martha,Fowler,mfowlerkh@skyrock.com,Russia,50.95.202.31
739,Brenda,Smith,bsmithki@twitpic.com,China,47.186.57.103
740,Carl,Hanson,chansonkj@harvard.edu,Kenya,81.11.207.73
741,Frances,Bailey,fbaileykk@is.gd,Dominican Republic,5.252.188.64
742,Michelle,Little,mlittlekl@sakura.ne.jp,Indonesia,0.61.169.72
743,Billy,Reid,breidkm@sakura.ne.jp,Iran,160.92.237.130
744,Edward,Howell,ehowellkn@hp.com,Indonesia,194.28.79.44
745,Dorothy,Sims,dsimsko@disqus.com,Namibia,129.170.75.218
746,Adam,Harvey,aharveykp@sitemeter.com,Philippines,218.255.202.254
747,Sara,Riley,srileykq@who.int,Thailand,86.183.104.242
748,Emily,Martin,emartinkr@mapy.cz,Philippines,245.104.95.243
749,Matthew,Bradley,mbradleyks@slate.com,Poland,148.185.44.99
750,Laura,Nguyen,lnguyenkt@prweb.com,China,36.2.222.26
751,Marie,Jordan,mjordanku@joomla.org,China,117.221.100.211
752,Larry,Owens,lowenskv@theglobeandmail.com,Greece,38.237.139.238
753,Jonathan,Brown,jbrownkw@topsy.com,China,213.239.208.33
754,Mildred,Harper,mharperkx@furl.net,Madagascar,84.23.70.124
755,Kimberly,Cunningham,kcunninghamky@cloudflare.com,Zambia,224.102.123.95
756,Phillip,Ray,praykz@baidu.com,Morocco,234.176.91.27
757,Gerald,Hughes,ghughesl0@creativecommons.org,Russia,61.132.73.209
758,Todd,Hamilton,thamiltonl1@yellowbook.com,Lebanon,225.190.28.65
759,Johnny,Cook,jcookl2@sohu.com,Brazil,155.114.105.129
760,Kevin,Ramos,kramosl3@prnewswire.com,United States,110.99.17.88
761,Ashley,Myers,amyersl4@mapquest.com,Thailand,232.26.161.11
762,Helen,Andrews,handrewsl5@amazon.co.uk,Poland,185.126.216.88
763,Wayne,Thomas,wthomasl6@pen.io,Indonesia,39.96.32.176
764,Gregory,Owens,gowensl7@privacy.gov.au,Portugal,223.202.129.145
765,Kelly,Wheeler,kwheelerl8@discuz.net,Tajikistan,158.17.80.31
766,Anthony,Lee,aleel9@prnewswire.com,China,119.128.16.175
767,Victor,Snyder,vsnyderla@home.pl,Philippines,63.234.73.222
768,Kenneth,Thomas,kthomaslb@pagesperso-orange.fr,China,187.56.43.218
769,Richard,Lynch,rlynchlc@digg.com,Albania,174.39.98.22
770,Jimmy,Robertson,jrobertsonld@auda.org.au,Canada,237.27.57.98
771,Kathryn,Greene,kgreenele@sourceforge.net,China,250.235.106.88
772,Teresa,Jacobs,tjacobslf@sohu.com,Peru,251.134.236.166
773,Philip,Kennedy,pkennedylg@webs.com,China,10.41.163.112
774,Annie,Tucker,atuckerlh@ibm.com,Norway,59.191.92.147
775,Patricia,Ward,pwardli@unc.edu,China,189.175.118.87
776,Anne,Nelson,anelsonlj@nytimes.com,Portugal,146.0.91.168
777,Sean,Nelson,snelsonlk@slashdot.org,Indonesia,47.205.104.153
778,Melissa,Peters,mpetersll@webs.com,Sweden,164.136.166.54
779,Robert,Ramirez,rramirezlm@sina.com.cn,China,57.239.160.88
780,Ralph,Harris,rharrisln@samsung.com,China,211.237.139.249
781,Jose,Rose,jroselo@wikipedia.org,Uganda,49.231.164.248
782,Jimmy,Arnold,jarnoldlp@psu.edu,Solomon Islands,123.145.32.67
783,Judy,Lee,jleelq@comcast.net,Croatia,19.143.183.114
784,Doris,Day,ddaylr@flavors.me,Russia,18.132.15.12
785,Stephanie,Gray,sgrayls@hc360.com,Portugal,138.14.56.233
786,Mary,Shaw,mshawlt@va.gov,Canada,12.240.3.210
787,Benjamin,Larson,blarsonlu@delicious.com,Indonesia,173.167.56.186
788,Jeffrey,Kelly,jkellylv@webmd.com,Ethiopia,124.197.214.41
789,Johnny,Elliott,jelliottlw@businessinsider.com,Indonesia,201.202.181.247
790,Matthew,Alvarez,malvarezlx@theatlantic.com,China,213.169.238.194
791,Jason,Hernandez,jhernandezly@state.tx.us,Venezuela,62.14.204.89
792,Christopher,Butler,cbutlerlz@eventbrite.com,Poland,10.211.104.61
793,Roy,Elliott,relliottm0@themeforest.net,China,57.99.0.230
794,Lawrence,Wright,lwrightm1@ycombinator.com,Tanzania,241.114.147.92
795,Paul,Watson,pwatsonm2@phoca.cz,China,76.107.85.247
796,James,Phillips,jphillipsm3@e-recht24.de,Indonesia,8.25.102.176
797,Rebecca,Alvarez,ralvarezm4@mapy.cz,Indonesia,199.171.89.142
798,Sharon,Carroll,scarrollm5@edublogs.org,Colombia,21.46.20.86
799,Howard,Scott,hscottm6@virginia.edu,Madagascar,62.138.50.20
800,Stephanie,Walker,swalkerm7@cargocollective.com,Yemen,98.106.230.112
801,Catherine,Jones,cjonesm8@globo.com,Indonesia,214.68.174.234
802,Marie,Gomez,mgomezm9@shop-pro.jp,Israel,223.12.136.214
803,Stephanie,Brooks,sbrooksma@bloglines.com,Indonesia,224.86.60.21
804,Wayne,Morales,wmoralesmb@clickbank.net,Saudi Arabia,142.216.147.0
805,James,James,jjamesmc@nih.gov,Madagascar,219.204.128.240
806,Fred,Oliver,folivermd@surveymonkey.com,France,129.163.4.229
807,Joe,Long,jlongme@hhs.gov,Malaysia,34.221.213.140
808,Brian,Harper,bharpermf@ihg.com,Yemen,88.233.240.24
809,Anna,Burke,aburkemg@unblog.fr,Indonesia,169.211.0.255
810,Jerry,Lopez,jlopezmh@devhub.com,Poland,221.228.172.202
811,Marilyn,Graham,mgrahammi@google.cn,China,54.122.231.222
812,Kenneth,Richardson,krichardsonmj@printfriendly.com,Iran,94.243.191.215
813,Dennis,Shaw,dshawmk@yahoo.co.jp,Philippines,69.117.206.117
814,Ashley,Shaw,ashawml@go.com,China,0.131.164.177
815,Jean,Franklin,jfranklinmm@springer.com,Canada,190.54.168.165
816,Doris,Powell,dpowellmn@statcounter.com,China,111.104.161.31
817,Carl,Garrett,cgarrettmo@seesaa.net,Indonesia,160.250.34.180
818,Jose,Willis,jwillismp@privacy.gov.au,China,252.249.133.80
819,Kimberly,Carr,kcarrmq@phoca.cz,Swaziland,3.197.146.134
820,Wayne,Campbell,wcampbellmr@omniture.com,Brazil,182.16.21.26
821,Billy,Matthews,bmatthewsms@symantec.com,China,204.53.176.6
822,Marilyn,Stanley,mstanleymt@sohu.com,China,250.84.14.60
823,Antonio,Day,adaymu@icq.com,Norway,72.248.200.66
824,Patrick,Perry,pperrymv@wsj.com,Brazil,211.22.203.92
825,Karen,Foster,kfostermw@noaa.gov,Portugal,4.220.105.111
826,Elizabeth,Cole,ecolemx@chron.com,China,150.100.143.44
827,Jonathan,Collins,jcollinsmy@mit.edu,Mozambique,87.45.88.113
828,Frances,Murphy,fmurphymz@quantcast.com,France,100.75.87.31
829,Helen,Dixon,hdixonn0@jiathis.com,Philippines,210.158.25.182
830,Michael,Scott,mscottn1@blogs.com,Mexico,2.212.223.223
831,Carl,Perez,cperezn2@dell.com,Indonesia,156.162.82.160
832,David,Wright,dwrightn3@si.edu,Colombia,77.172.181.108
833,Nicole,Reid,nreidn4@yahoo.com,Panama,109.132.230.170
834,Catherine,Hunter,chuntern5@istockphoto.com,Indonesia,212.48.103.61
835,Gregory,Perkins,gperkinsn6@bloglovin.com,Argentina,92.134.240.31
836,Justin,Weaver,jweavern7@clickbank.net,Brazil,193.152.5.77
837,Ruby,Gomez,rgomezn8@furl.net,South Korea,116.195.8.10
838,Ashley,Stevens,astevensn9@un.org,Indonesia,214.60.6.43
839,Robert,Hudson,rhudsonna@vistaprint.com,Croatia,23.91.182.79
840,Heather,Kelly,hkellynb@g.co,Indonesia,174.38.33.32
841,Mary,Morales,mmoralesnc@mozilla.com,Egypt,186.120.184.121
842,Martin,Hernandez,mhernandeznd@nbcnews.com,Sweden,38.177.54.17
843,Daniel,Allen,dallenne@wiley.com,Philippines,141.13.99.134
844,Eric,Porter,eporternf@samsung.com,Russia,134.3.108.176
845,Jeremy,Alexander,jalexanderng@zdnet.com,Japan,130.158.227.4
846,Ruth,Gardner,rgardnernh@hexun.com,Poland,51.66.53.157
847,Albert,Wells,awellsni@nydailynews.com,Russia,89.48.158.155
848,Brenda,Bradley,bbradleynj@berkeley.edu,Kazakhstan,114.159.222.204
849,Elizabeth,Chapman,echapmannk@1und1.de,Gambia,240.70.231.146
850,Scott,Medina,smedinanl@pcworld.com,Portugal,185.64.172.13
851,Lisa,Matthews,lmatthewsnm@purevolume.com,Bangladesh,132.203.92.46
852,Kathleen,Morgan,kmorgannn@icio.us,Indonesia,165.62.91.155
853,Louise,Powell,lpowellno@domainmarket.com,Guatemala,78.13.33.93
854,Evelyn,Elliott,eelliottnp@qq.com,Canada,110.47.104.38
855,Douglas,Lawrence,dlawrencenq@jigsy.com,Greece,86.139.99.4
856,Jennifer,Kim,jkimnr@instagram.com,France,237.100.101.203
857,John,Kelley,jkelleyns@51.la,Peru,249.58.29.247
858,Matthew,Cox,mcoxnt@deliciousdays.com,Mali,61.189.112.13
859,Margaret,Daniels,mdanielsnu@nationalgeographic.com,Russia,169.68.115.75
860,Wayne,Murray,wmurraynv@tripod.com,China,68.215.179.6
861,Gregory,Gomez,ggomeznw@nasa.gov,French Polynesia,22.244.236.70
862,Ralph,Jacobs,rjacobsnx@usnews.com,South Korea,81.245.228.215
863,Clarence,Fox,cfoxny@paginegialle.it,China,14.0.198.131
864,Beverly,Hernandez,bhernandeznz@un.org,China,195.236.98.249
865,Henry,Dean,hdeano0@de.vu,Russia,193.89.66.29
866,Linda,Cooper,lcoopero1@bluehost.com,China,26.181.11.111
867,Denise,Adams,dadamso2@mozilla.org,Russia,203.66.81.75
868,Joan,Payne,jpayneo3@loc.gov,Ukraine,19.151.40.26
869,Terry,Hunt,thunto4@g.co,Brazil,101.90.51.37
870,Teresa,Carroll,tcarrollo5@alibaba.com,Czech Republic,26.254.103.192
871,Beverly,Watkins,bwatkinso6@tinyurl.com,Indonesia,213.158.71.157
872,Debra,Owens,dowenso7@goodreads.com,Poland,114.244.93.182
873,Antonio,Ward,awardo8@msn.com,Indonesia,241.141.44.238
874,Kelly,Mcdonald,kmcdonaldo9@nps.gov,China,94.207.72.24
875,Denise,Tucker,dtuckeroa@google.pl,Netherlands,142.196.155.68
876,Raymond,Thomas,rthomasob@wunderground.com,Mexico,93.197.64.66
877,Paul,Mcdonald,pmcdonaldoc@aboutads.info,China,13.74.226.76
878,Sean,Reyes,sreyesod@chronoengine.com,Poland,90.60.249.29
879,Keith,Black,kblackoe@who.int,China,98.233.108.148
880,Terry,Porter,tporterof@eventbrite.com,Paraguay,72.26.1.222
881,Elizabeth,Fisher,efisherog@nytimes.com,China,76.96.141.221
882,Harold,Campbell,hcampbelloh@redcross.org,Philippines,128.186.156.94
883,Stephanie,Peters,spetersoi@nationalgeographic.com,Pakistan,215.236.32.19
884,Emily,James,ejamesoj@upenn.edu,Poland,49.252.153.144
885,Kathryn,Baker,kbakerok@rakuten.co.jp,Uganda,82.125.238.159
886,Bonnie,Olson,bolsonol@google.co.uk,Peru,120.63.45.154
887,Debra,Matthews,dmatthewsom@jimdo.com,Indonesia,204.66.37.159
888,Emily,Wells,ewellson@arizona.edu,China,45.104.255.227
889,Angela,Montgomery,amontgomeryoo@nydailynews.com,Ireland,111.254.148.71
890,Aaron,Lawrence,alawrenceop@odnoklassniki.ru,Russia,210.131.171.218
891,Ryan,Bennett,rbennettoq@miibeian.gov.cn,Indonesia,143.145.28.181
892,Tina,Henry,thenryor@hubpages.com,Indonesia,52.242.129.247
893,Amanda,Sanders,asandersos@msu.edu,China,182.7.153.203
894,Deborah,Sullivan,dsullivanot@newsvine.com,China,57.79.73.163
895,Doris,Ellis,dellisou@chron.com,China,116.81.222.114
896,George,Hunter,ghunterov@furl.net,China,111.91.230.248
897,Brandon,Campbell,bcampbellow@walmart.com,Colombia,103.43.201.168
898,Carol,Gardner,cgardnerox@google.de,China,113.215.163.212
899,Lawrence,Wood,lwoodoy@epa.gov,China,26.102.146.182
900,Teresa,Carroll,tcarrolloz@geocities.jp,Thailand,72.126.57.249
901,Kathryn,Graham,kgrahamp0@yandex.ru,Serbia,11.139.67.132
902,Jack,Ray,jrayp1@reddit.com,Russia,207.103.142.203
903,Aaron,Hunter,ahunterp2@hugedomains.com,Russia,191.84.21.50
904,Robert,Hall,rhallp3@miitbeian.gov.cn,Netherlands,84.47.49.133
905,Wanda,Martin,wmartinp4@hugedomains.com,Venezuela,215.27.231.181
906,Aaron,Cole,acolep5@cnn.com,Poland,237.108.54.128
907,Rose,Ramirez,rramirezp6@bing.com,Portugal,76.54.162.181
908,Jose,Larson,jlarsonp7@forbes.com,Canada,118.250.46.202
909,Julie,Black,jblackp8@discovery.com,Peru,34.66.156.45
910,Teresa,Willis,twillisp9@dion.ne.jp,Colombia,122.33.50.123
911,Diana,Sullivan,dsullivanpa@over-blog.com,Azerbaijan,161.22.12.88
912,Brandon,Carter,bcarterpb@cafepress.com,Indonesia,49.169.163.123
913,Virginia,Vasquez,vvasquezpc@free.fr,El Salvador,101.52.178.64
914,Barbara,Gomez,bgomezpd@boston.com,China,14.144.127.161
915,Joseph,Long,jlongpe@unicef.org,China,6.133.202.210
916,Sharon,Gordon,sgordonpf@prnewswire.com,Peru,60.143.182.212
917,Keith,Rodriguez,krodriguezpg@hostgator.com,Macedonia,107.172.19.13
918,Paula,Kelly,pkellyph@disqus.com,China,193.125.231.245
919,William,Miller,wmillerpi@ifeng.com,Luxembourg,128.195.31.137
920,Amanda,Hudson,ahudsonpj@cdbaby.com,Indonesia,207.194.29.185
921,Virginia,Murray,vmurraypk@simplemachines.org,Nepal,18.221.60.149
922,Ruby,Rogers,rrogerspl@unicef.org,Poland,37.92.236.118
923,Alice,Baker,abakerpm@ycombinator.com,China,25.208.3.24
924,Christopher,Hunter,chunterpn@go.com,Norway,112.195.233.132
925,Henry,Stanley,hstanleypo@myspace.com,Indonesia,145.40.102.199
926,Mark,Lawson,mlawsonpp@google.co.uk,United States,231.118.181.199
927,Jason,Harper,jharperpq@com.com,China,40.83.96.33
928,Joe,Hicks,jhickspr@amazon.com,Sweden,68.93.74.58
929,Sharon,Hill,shillps@comsenz.com,Germany,38.107.193.114
930,Evelyn,Walker,ewalkerpt@craigslist.org,Indonesia,237.106.228.134
931,Terry,Richards,trichardspu@t-online.de,Philippines,79.230.8.157
932,Betty,Gordon,bgordonpv@slideshare.net,Indonesia,144.12.112.214
933,Ruth,Morris,rmorrispw@histats.com,Kyrgyzstan,135.249.254.193
934,Brenda,Patterson,bpattersonpx@goo.ne.jp,Brazil,54.136.219.57
935,Lori,Lane,llanepy@adobe.com,Japan,43.175.26.78
936,Jeffrey,Frazier,jfrazierpz@addtoany.com,France,189.177.167.30
937,Mary,Williams,mwilliamsq0@pcworld.com,France,197.95.45.230
938,Lawrence,Bennett,lbennettq1@pinterest.com,Lithuania,179.66.246.82
939,Cynthia,Jenkins,cjenkinsq2@nydailynews.com,Kenya,6.120.245.185
940,Mary,Hansen,mhansenq3@posterous.com,Vietnam,67.150.207.56
941,Kenneth,Ray,krayq4@go.com,Philippines,149.113.151.103
942,Amy,Rogers,arogersq5@webmd.com,Philippines,42.240.95.148
943,Kathryn,Warren,kwarrenq6@va.gov,China,72.179.162.184
944,Johnny,Knight,jknightq7@engadget.com,Czech Republic,211.222.229.247
945,Billy,Gardner,bgardnerq8@google.co.uk,China,187.56.180.31
946,Gerald,Crawford,gcrawfordq9@si.edu,Portugal,13.57.3.191
947,Karen,Graham,kgrahamqa@slideshare.net,Indonesia,175.92.96.166
948,Cheryl,Ramos,cramosqb@baidu.com,China,164.246.255.152
949,Ann,Dean,adeanqc@mayoclinic.com,Colombia,237.42.218.235
950,Steven,Coleman,scolemanqd@go.com,Paraguay,111.178.122.215
951,George,Cox,gcoxqe@slashdot.org,Indonesia,169.95.87.62
952,Patricia,Young,pyoungqf@behance.net,Dominican Republic,235.234.247.183
953,Barbara,Alexander,balexanderqg@whitehouse.gov,China,66.139.89.11
954,Michelle,Gordon,mgordonqh@shutterfly.com,Albania,42.122.200.76
955,Wayne,Harrison,wharrisonqi@people.com.cn,Guatemala,177.205.194.82
956,Walter,Burke,wburkeqj@alibaba.com,Iran,239.173.223.17
957,Marilyn,Allen,mallenqk@cpanel.net,Honduras,40.192.165.173
958,Henry,Fox,hfoxql@storify.com,Lebanon,101.133.109.106
959,Richard,Schmidt,rschmidtqm@redcross.org,China,255.60.237.172
960,Susan,Grant,sgrantqn@who.int,Serbia,221.95.167.243
961,Raymond,Rice,rriceqo@yandex.ru,France,219.86.64.167
962,Betty,Ford,bfordqp@tripod.com,Indonesia,197.70.251.255
963,Anthony,Chavez,achavezqq@google.co.uk,France,197.174.57.179
964,Adam,Warren,awarrenqr@quantcast.com,Portugal,25.254.240.119
965,Rebecca,Garcia,rgarciaqs@yahoo.com,Indonesia,27.218.197.146
966,Christina,Gardner,cgardnerqt@cloudflare.com,Indonesia,37.122.41.118
967,Albert,Morales,amoralesqu@drupal.org,China,108.6.21.40
968,Rebecca,Black,rblackqv@eventbrite.com,United States,47.215.249.218
969,Chris,Gordon,cgordonqw@epa.gov,Sweden,149.15.33.98
970,Andrew,Gardner,agardnerqx@addthis.com,Sweden,5.218.45.49
971,Adam,Brooks,abrooksqy@jimdo.com,Philippines,76.101.210.183
972,Lisa,Lawson,llawsonqz@unicef.org,China,7.115.23.137
973,Donald,Anderson,dandersonr0@bandcamp.com,China,90.11.159.131
974,Teresa,Peterson,tpetersonr1@drupal.org,China,130.148.250.51
975,Donna,Flores,dfloresr2@paypal.com,Japan,184.40.96.91
976,Dorothy,Woods,dwoodsr3@latimes.com,China,25.89.132.117
977,Kathryn,Grant,kgrantr4@mlb.com,Bangladesh,91.25.34.139
978,Bobby,Ferguson,bfergusonr5@blogspot.com,Brazil,236.5.58.95
979,Cynthia,Lee,cleer6@parallels.com,Palestinian Territory,6.156.105.131
980,Benjamin,Mcdonald,bmcdonaldr7@irs.gov,Myanmar,8.148.76.248
981,Anna,Sanders,asandersr8@elpais.com,Azerbaijan,99.106.75.147
982,John,Howard,jhowardr9@stanford.edu,Serbia,69.44.250.123
983,Ralph,Jackson,rjacksonra@google.fr,Peru,57.143.35.14
984,Susan,Hernandez,shernandezrb@spiegel.de,Poland,144.160.211.12
985,Jessica,Bradley,jbradleyrc@g.co,China,109.0.198.27
986,Robert,Brown,rbrownrd@pbs.org,Cape Verde,254.78.253.89
987,Ann,Gardner,agardnerre@senate.gov,Indonesia,13.181.77.205
988,Helen,Lane,hlanerf@godaddy.com,Mongolia,68.119.54.32
989,Kimberly,Hawkins,khawkinsrg@nih.gov,Philippines,180.65.43.120
990,Ralph,Edwards,redwardsrh@sciencedaily.com,Panama,19.43.124.92
991,Joyce,Cole,jcoleri@ask.com,Russia,14.199.87.86
992,Jacqueline,Hudson,jhudsonrj@alexa.com,Russia,140.236.145.255
993,Sara,Bishop,sbishoprk@plala.or.jp,Portugal,180.65.231.100
994,Paula,Fernandez,pfernandezrl@sogou.com,Poland,175.66.58.63
995,Larry,Lane,llanerm@noaa.gov,Portugal,113.138.224.35
996,Robert,Nelson,rnelsonrn@amazon.de,Russia,128.158.167.108
997,Jean,Ramos,jramosro@china.com.cn,Argentina,214.38.244.60
998,Richard,Rice,rricerp@spiegel.de,China,78.80.65.98
999,Scott,Gutierrez,sgutierrezrq@soundcloud.com,China,0.188.90.46
1000,Antonio,Allen,aallenrr@usa.gov,China,253.61.253.17
